{
  "tickets": {
    "1409331236865839104": {
      "channelId": "1409331236865839104",
      "userId": "1407776633238327326",
      "type": "discord_support",
      "createdAt": 1756081151110,
      "status": "open",
      "claimed": true,
      "claimedBy": "1407776633238327326",
      "claimedAt": 1756081246422
    },
    "1409332649742307369": {
      "channelId": "1409332649742307369",
      "userId": "1407776633238327326",
      "type": "admin_application",
      "name": "خالد",
      "age": "15",
      "country": "مصر",
      "experience": "كل حاجة",
      "createdAt": 1756081487956,
      "status": "open"
    },
    "1409334213278306386": {
      "channelId": "1409334213278306386",
      "userId": "1405582179307622462",
      "type": "discord_support",
      "problemDescription": "1",
      "personCausingHarm": "1",
      "createdAt": 1756081860871,
      "status": "open",
      "claimed": true,
      "claimedBy": "1407776633238327326",
      "claimedAt": 1756081902296,
      "rating": 5,
      "ratingComment": "جامد",
      "ratedBy": "1405582179307622462",
      "ratedAt": 1756081933850
    }
  },
  "ratings": {},
  "cooldowns": {
    "1405582179307622462": {
      "ticket_creation": 1756081884764
    }
  },
  "stats": {
    "totalTickets": 5,
    "closedTickets": 2,
    "averageRating": 0,
    "ratingCount": 0
  }
}