{
    "TOKEN": "MTQwODM4NzgyMjUyMzY0NTk5Mg.G1B57X.9ZbM4HmMaJRmlrDI6pmCT5NvHXxFihNoWkiO58",
    "GUILD_ID": "1407808824592564254",
    "CATEGORY_ID": "1408385583159709828",
    "ADMIN_ROLE_ID": "1408391458666450954",
    "OWNER_ID": "1407776633238327326",
    "RATING_CHANNEL_ID": "1369208518908969005",
    "TRANSCRIPT_CHANNEL_ID": "1369208518908969005",
    "WORKING_HOURS": {
      "START": "12:00",
      "END": "01:00",
      "TIMEZONE": "Africa/Cairo",
      "DAYS": ["Saturday", "Sunday", "Monday", "Tuesday", "Wednesday", "Thursday", "Friday"]
    },
    "COLORS": {
      "PRIMARY": "#00FFFF",
      "SUCCESS": "#57F287",
      "ERROR": "#ED4245",
      "WARNING": "#FEE75C",
      "INFO": "#5865F2",
      "BLURPLE": "#5865F2",
      "SECONDARY": "#2B2D31",
      "PURPLE": "#9B59B6",
      "ORANGE": "#E67E22",
      "CYAN": "#00B8D4"
    },
    "EMOJIS": {
      "TICKET": "🎫",
      "GAMES": "🎮",
      "DISCORD": "💠",
      "SHIELD": "🛡️",
      "STAR": "⭐",
      "CRITERIA": "📋",
      "SUPPORT": "💬",
      "ADMIN": "👑",
      "REPORT": "⚠️",
      "TIME": "⏰"
    },
    "LIMITS": {
      "MAX_TICKETS_PER_USER": 2
    },
    "adminIds": ["1255808861139636266", "1251547929655775315", "1253650717177151510"],
    "useStorage": true,
    "storageFile": "tickets.json",
    "serverIcon": "https://cdn.discordapp.com/icons/1369208131980361759/58dc28c5bc88e198a86df1b6e7576a1e.png",
    "serverName": "Khaled Community",
    "ticketTypes": [
      {
        "id": "discord_support",
        "label": "دعم ديسكورد",
        "emoji": "💠",
        "prefix": "discord"
      },
      {
        "id": "game_support",
        "label": "دعم الألعاب",
        "emoji": "🎮",
        "prefix": "game"
      }
    ]
  }