{
  "tickets": {
    "1374798152988622908": {
      "channelId": "1374798152988622908",
      "userId": "1255808861139636266",
      "type": "discord_support",
      "createdAt": 1747847822388,
      "status": "open",
      "claimed": true,
      "claimedBy": "1255808861139636266",
      "claimedAt": 1747847827838,
      "rating": 5
    },
    "1374816250017873950": {
      "channelId": "1374816250017873950",
      "userId": "1255808861139636266",
      "type": "games_support",
      "game": "1",
      "reported": "1",
      "problem": "1",
      "needOwner": false,
      "createdAt": 1747852136635,
      "status": "open"
    },
    "1375072333068238900": {
      "channelId": "1375072333068238900",
      "userId": "1230737188841324555",
      "type": "report_issue",
      "createdAt": 1747913191196,
      "status": "open",
      "claimed": true,
      "claimedBy": "1255808861139636266",
      "claimedAt": 1747913196807
    }
  },
  "ratings": {
    "1374796489808810038": {
      "rating": 5,
      "staffId": "1255808861139636266",
      "userId": "1255808861139636266",
      "timestamp": 1747847435675
    },
    "1374798152988622908": {
      "rating": 5,
      "staffId": "1255808861139636266",
      "userId": "1255808861139636266",
      "ticketType": "discord_support",
      "staffTag": "khaled_magic_11959",
      "userTag": "khaled_magic_11959",
      "ticketId": "1374798152988622908",
      "timestamp": 1747847835436
    },
    "1374825743363604531": {
      "rating": 5,
      "staffId": "1255808861139636266",
      "userId": "1374528097772245094",
      "ticketType": "games_support",
      "staffTag": "khaled_magic_11959",
      "userTag": "lodflof",
      "ticketId": "1374825743363604531",
      "timestamp": 1747860075869
    },
    "1375073157622399097": {
      "rating": 5,
      "staffId": "1255808861139636266",
      "userId": "1230737188841324555",
      "ticketType": "games_support",
      "staffTag": "khaled_magic_11959",
      "userTag": "canopus_sohail",
      "ticketId": "1375073157622399097",
      "timestamp": 1747913428372
    },
    "1375081479276593192": {
      "rating": 5,
      "staffId": "1255808861139636266",
      "userId": "1374528097772245094",
      "ticketType": "discord_support",
      "staffTag": "khaled_magic_11959",
      "userTag": "lodflof",
      "ticketId": "1375081479276593192",
      "timestamp": 1747915391434
    },
    "1375101431933046844": {
      "rating": 5,
      "staffId": "1255808861139636266",
      "userId": "1253650717177151510",
      "ticketType": "discord_support",
      "staffTag": "khaled_magic_11959",
      "userTag": "hex1_ontop",
      "ticketId": "1375101431933046844",
      "timestamp": 1747920162815
    },
    "1375759039455035433": {
      "rating": 5,
      "staffId": "1255808861139636266",
      "userId": "1249367888641392683",
      "ticketType": "report_issue",
      "staffTag": "khaled_magic_11959",
      "userTag": "shehabzz",
      "ticketId": "1375759039455035433",
      "timestamp": 1748076991196
    },
    "1378776405759754423": {
      "rating": 5,
      "staffId": "1255808861139636266",
      "userId": "1375478217296842872",
      "ticketType": "discord_support",
      "staffTag": "khaled_magic_11959",
      "userTag": "malek063391",
      "ticketId": "1378776405759754423",
      "timestamp": 1748797010711
    },
    "1379543546142654684": {
      "rating": 5,
      "staffId": "1255808861139636266",
      "userId": "966199086539759646",
      "ticketType": "report_issue",
      "staffTag": "khaled_magic_11959",
      "userTag": "9f2k",
      "ticketId": "1379543546142654684",
      "timestamp": 1748979231117
    },
    "1384503444416499826": {
      "rating": 5,
      "staffId": "1383817559509569586",
      "userId": "1383817559509569586",
      "ticketType": "games_support",
      "staffTag": "hex1_ontopx",
      "userTag": "hex1_ontopx",
      "ticketId": "1384503444416499826",
      "timestamp": 1750161767425
    },
    "1384505487445332040": {
      "rating": 5,
      "staffId": "1255808861139636266",
      "userId": "1168242053625417741",
      "ticketType": "games_support",
      "staffTag": "khaled_magic_11959",
      "userTag": "rahomy0139_38593",
      "ticketId": "1384505487445332040",
      "timestamp": 1750163756693
    },
    "1384554748283195446": {
      "rating": 4,
      "staffId": "1255808861139636266",
      "userId": "1376466229207765085",
      "ticketType": "games_support",
      "staffTag": "khaled_magic_11959",
      "userTag": "9045730994",
      "ticketId": "1384554748283195446",
      "timestamp": 1750174014360
    },
    "1384831920449392660": {
      "rating": 5,
      "staffId": "1255808861139636266",
      "userId": "1168242053625417741",
      "ticketType": "games_support",
      "staffTag": "khaled_magic_11959",
      "userTag": "rahomy0139_38593",
      "ticketId": "1384831920449392660",
      "timestamp": 1750246485853
    },
    "1383813302974546010": {
      "rating": 5,
      "staffId": "1255808861139636266",
      "userId": "774924881095688202",
      "ticketType": "discord_support",
      "staffTag": "khaled_magic_11959",
      "userTag": "rl_mahdi",
      "ticketId": "1383813302974546010",
      "timestamp": 1750336942905
    }
  },
  "cooldowns": {},
  "stats": {
    "totalTickets": 27,
    "closedTickets": 25,
    "averageRating": 4.928571428571429,
    "ratingCount": 14
  }
}